,edad,estado,formacion,ocupacion,universidad,periodo_clase,tipo_trabajo,moneda,salario,gastos,rango_vivienda,rango_alimentacion,rango_transporte,act_extracurricular,rango_extracurricular,bool_ahorro,rango_ahorro,educacion_financiera,bool_educacion_financiera,nivel_vida,nivel_satisfaccion
0,18 a 20 años.,Mérida,Bachiller,Estudiante y empleado.,Pública.,Semestre.,"Sector público (gobierno, instituciones públicas).",Bolívares,$240 a $280,"Alimentación, Transporte",$0,$60 a $80,$40 a $60,no tengo actividades extracurriculares,$0,Sí,Más de $80,No,Sí,Mejor.,Neutral.
1,18 a 20 años.,Mérida,Bachiller,Empleado o emprendedor,No aplica,No aplica,"Trabajador independiente (freelance, emprendedor).",Dólares estadounidenses,$160 a $200.,"Alimentación, Transporte",$0,$20 a $40,$20 a $40,No aplica.,$0,Sí,Más de $80,Sí,Sí,Mucho mejor.,Bastante satisfecho.
2,21 a 23 años.,Mérida,Bachiller,Estudiante y empleado.,Pública.,Semestre.,"Sector privado (empresas, organizaciones no gubernamentales, etc).",Bolívares,$80 a $120.,"Vivienda., Alimentación",$40 a 80$,$20 a $40,$0,No aplica.,$0,No,$0,Sí,Sí,Peor.,Nada satisfecho.
3,18 a 20 años.,Miranda,Bachiller,Estudiante.,Pública.,Semestre.,,,,,,,,,,,,,,Mucho mejor.,Neutral.
4,18 a 20 años.,Distrito Capital,Bachiller,Estudiante.,Pública.,Periodos anuales.,,,,,,,,,,,,,,Igual.,Neutral.
5,18 a 20 años.,Distrito Capital,Bachiller,Estudiante.,Pública.,Semestre.,,,,,,,,,,,,,,Mejor.,Poco satisfecho.
6,18 a 20 años.,Distrito Capital,Bachiller,Estudiante y empleado.,Pública.,Semestre.,"Sector privado (empresas, organizaciones no gubernamentales, etc).",Combinación de bolívares y dólares,$240 a $280,"Alimentación, Transporte",$0,$80 a $100,$40 a $60,Idiomas,$0,Sí,Más de $80,Sí,Sí,Mucho mejor.,Neutral.
7,18 a 20 años.,Distrito Capital,Bachiller,Empleado o emprendedor,No aplica,No aplica,"Trabajador independiente (freelance, emprendedor).",Dólares estadounidenses,$80 a $120.,"Vivienda., Alimentación, Transporte",$80 a $120,$80 a $100,$40 a $60,Idiomas,$50 a $70,No,$0,Sí,Sí,Igual.,Nada satisfecho.
8,18 a 20 años.,Distrito Capital,Bachiller,Estudiante y empleado.,Privada.,Semestre.,"Sector privado (empresas, organizaciones no gubernamentales, etc).",Bolívares,$40 a $80.,Alimentación,$0,$20 a $40,$0,Deporte,$10 a $30,Sí,$0 a $10,No,Sí,Mucho mejor.,Bastante satisfecho.
9,18 a 20 años.,Miranda,Bachiller,Estudiante.,Pública.,Trimestre.,,,,,,,,,,,,,,Mejor.,Neutral.
10,21 a 23 años.,Distrito Capital,Bachiller,Estudiante y empleado.,Privada.,Trimestre.,"Sector privado (empresas, organizaciones no gubernamentales, etc).",Combinación de bolívares y dólares,Más de $320,"Alimentación, Transporte",$0,Más de $100,Más de $80,No aplica.,$0,Sí,Más de $80,No,No,Mejor.,Poco satisfecho.
11,18 a 20 años.,Miranda,Bachiller,Estudiante.,Privada.,Trimestre.,,,,,,,,,,,,,,Peor.,Nada satisfecho.
12,21 a 23 años.,Mérida,Bachiller,Estudiante y empleado.,Privada.,Semestre.,"Sector privado (empresas, organizaciones no gubernamentales, etc).",Bolívares,$80 a $120.,"Vivienda., Alimentación, Transporte",$40 a 80$,$40 a $60,$20 a $40,No aplica.,$0,Sí,$0 a $10,No,Sí,Igual.,Satisfecho.
13,27 a 29 años.,Mérida,Bachiller,Estudiante y empleado.,Pública.,Semestre.,"Sector público (gobierno, instituciones públicas).",Bolívares,$160 a $200.,"Vivienda., Alimentación, Transporte",$120 a $160,$60 a $80,$20 a $40,Gimnasio,$10 a $30,Sí,$10 a $20,Sí,Sí,Igual.,Poco satisfecho.
14,21 a 23 años.,Mérida,Bachiller,Estudiante y empleado.,Pública.,Semestre.,"Sector público (gobierno, instituciones públicas).",Bolívares,$240 a $280,"Alimentación, Transporte",$40 a 80$,$20 a $40,$20 a $40,No aplica.,$0,Sí,$50 a $80,Sí,No,Mejor.,Satisfecho.
15,21 a 23 años.,Mérida,Bachiller,Estudiante y empleado.,Pública.,Semestre.,"Trabajador independiente (freelance, emprendedor).",Dólares estadounidenses,Más de $320,Transporte,$0,$0,$20 a $40,No aplica.,$0,Sí,Más de $80,Sí,Sí,Mucho mejor.,Bastante satisfecho.
16,24 a 26 años.,Mérida,Bachiller,Estudiante y empleado.,Pública.,Semestre.,"Sector público (gobierno, instituciones públicas).",Bolívares,$240 a $280,"Alimentación, Transporte",$0,$60 a $80,$20 a $40,Gimnasio,$10 a $30,Sí,$20 a $50,No,Sí,Mejor.,Neutral.
17,24 a 26 años.,Mérida,Bachiller,Estudiante.,Pública.,Semestre.,,,,,,,,,,,,,,Mejor.,Satisfecho.
18,18 a 20 años.,Mérida,Bachiller,Estudiante y empleado.,Pública.,Semestre.,"Sector público (gobierno, instituciones públicas).",Bolívares,$280 a $320,"Vivienda., Alimentación, Transporte",$80 a $120,$60 a $80,$20 a $40,"Gimnasio, Arte",$10 a $30,No,$0,Sí,Sí,Igual.,Poco satisfecho.
19,24 a 26 años.,Mérida,Bachiller,Estudiante y empleado.,Pública.,Semestre.,"Sector público (gobierno, instituciones públicas).",Bolívares,$240 a $280,"Alimentación, Transporte",$0,$60 a $80,$20 a $40,No aplica.,$0,Sí,Más de $80,Sí,Sí,Mejor.,Neutral.
20,24 a 26 años.,Mérida,Bachiller,Estudiante.,Pública.,Semestre.,,,,,,,,,,,,,,Mejor.,Poco satisfecho.
21,21 a 23 años.,Distrito Capital,Bachiller,Estudiante.,Privada.,Trimestre.,,,,,,,,,,,,,,Mejor.,Nada satisfecho.
22,21 a 23 años.,Distrito Capital,Bachiller,Estudiante.,Privada.,Trimestre.,,,,,,,,,,,,,,Mejor.,Neutral.
23,24 a 26 años.,Distrito Capital,Bachiller,Estudiante y empleado.,Pública.,Semestre.,"Sector privado (empresas, organizaciones no gubernamentales, etc).",Combinación de bolívares y dólares,$120 a $160.,"Alimentación, Transporte",$120 a $160,$60 a $80,$20 a $40,"Idiomas, Arte",$30 a $50,Sí,$10 a $20,Sí,Sí,Mejor.,Neutral.
24,18 a 20 años.,Distrito Capital,Bachiller,Estudiante.,Privada.,Trimestre.,,,,,,,,,,,,,,Igual.,Nada satisfecho.
25,18 a 20 años.,Miranda,Bachiller,Estudiante.,Privada.,Trimestre.,,,,,,,,,,,,,,Igual.,Satisfecho.
26,24 a 26 años.,Miranda,Bachiller,Estudiante y empleado.,Pública.,Semestre.,"Sector privado (empresas, organizaciones no gubernamentales, etc).",Combinación de bolívares y dólares,Más de $320,"Alimentación, Transporte",$0,$80 a $100,$40 a $60,No aplica.,$0,Sí,Más de $80,Sí,Sí,Mejor.,Neutral.
27,18 a 20 años.,Distrito Capital,Bachiller,Estudiante.,Privada.,Trimestre.,,,,,,,,,,,,,,Igual.,Neutral.
28,18 a 20 años.,Mérida,Bachiller,Estudiante.,Pública.,Semestre.,,,,,,,,,,,,,,Peor.,Poco satisfecho.
29,24 a 26 años.,Mérida,Bachiller,Estudiante y empleado.,Pública.,Semestre.,"Trabajador independiente (freelance, emprendedor).",Dólares estadounidenses,Más de $320,"Alimentación, Transporte",$0,$0,$20 a $40,"Gimnasio, Deporte",$50 a $70,Sí,Más de $80,Sí,Sí,Mucho mejor.,Bastante satisfecho.
30,18 a 20 años.,Mérida,Bachiller,Estudiante.,Privada.,Semestre.,,,,,,,,,,,,,,Peor.,Nada satisfecho.
31,18 a 20 años.,Mérida,Bachiller,Estudiante.,Privada.,Semestre.,,,,,,,,,,,,,,Peor.,Neutral.
32,21 a 23 años.,Mérida,Bachiller,Estudiante.,Pública.,Semestre.,,,,,,,,,,,,,,Mucho peor.,Nada satisfecho.
33,24 a 26 años.,Mérida,Bachiller,Estudiante y empleado.,Pública.,Periodos anuales.,"Trabajador independiente (freelance, emprendedor).",Combinación de bolívares y dólares,$280 a $320,"Alimentación, Transporte",$0,$20 a $40,$20 a $40,No aplica.,$0,Sí,Más de $80,Sí,Sí,Mucho mejor.,Bastante satisfecho.
34,24 a 26 años.,Mérida,Bachiller,Estudiante.,Pública.,Periodos anuales.,,,,,,,,,,,,,,Peor.,Nada satisfecho.
35,21 a 23 años.,Mérida,Bachiller,Estudiante.,Pública.,Periodos anuales.,,,,,,,,,,,,,,Mucho peor.,Poco satisfecho.
36,18 a 20 años.,Mérida,Bachiller,Estudiante.,Pública.,Periodos anuales.,,,,,,,,,,,,,,Igual.,Poco satisfecho.
37,21 a 23 años.,Mérida,Bachiller,Estudiante.,Pública.,Periodos anuales.,,,,,,,,,,,,,,Mejor.,Poco satisfecho.
38,18 a 20 años.,Mérida,Bachiller,Desempleado.,No aplica,No aplica,,,,,,,,,,,,,,Mejor.,Neutral.
39,18 a 20 años.,Mérida,Bachiller,Estudiante y empleado.,Pública.,Semestre.,"Sector público (gobierno, instituciones públicas).",Bolívares,$80 a $120.,"Alimentación, Transporte",$120 a $160,$20 a $40,$40 a $60,No aplica.,$0,No,$0,Sí,No,Igual.,Neutral.
40,18 a 20 años.,Mérida,Bachiller,Estudiante.,Pública.,Semestre.,,,,,,,,,,,,,,Mucho peor.,Nada satisfecho.
41,18 a 20 años.,Mérida,Bachiller,Estudiante.,Pública.,Semestre.,,,,,,,,,,,,,,Peor.,Nada satisfecho.
42,24 a 26 años.,Mérida,Bachiller,Estudiante.,Pública.,Periodos anuales.,,,,,,,,,,,,,,Mejor.,Satisfecho.
43,18 a 20 años.,Mérida,Bachiller,Estudiante.,Privada.,Semestre.,,,,,,,,,,,,,,Igual.,Nada satisfecho.
44,21 a 23 años.,Distrito Capital,Bachiller,Empleado o emprendedor,No aplica,No aplica,"Sector privado (empresas, organizaciones no gubernamentales, etc).",Dólares estadounidenses,$200 a $240.,"Alimentación, Transporte",$40 a 80$,$20 a $40,$20 a $40,No aplica.,$0,Sí,$10 a $20,Sí,Sí,Igual.,Neutral.
45,18 a 20 años.,Mérida,Bachiller,Estudiante.,Privada.,Semestre.,,,,,,,,,,,,,,Mejor.,Neutral.
46,18 a 20 años.,Mérida,Bachiller,Estudiante y empleado.,Privada.,Semestre.,"Sector privado (empresas, organizaciones no gubernamentales, etc).",Combinación de bolívares y dólares,$120 a $160.,Transporte,$0,$0,$0,No aplica.,$10 a $30,No,$50 a $80,Sí,Sí,Igual.,Muy satisfecho.
47,27 a 29 años.,Mérida,Bachiller,Empleado o emprendedor,Pública.,Periodos anuales.,"Trabajador independiente (freelance, emprendedor).",Combinación de bolívares y dólares,$280 a $320,"Vivienda., Alimentación, Transporte",$80 a $120,$60 a $80,$60 a $80,Gimnasio,$10 a $30,Sí,$50 a $80,No,Sí,Mejor.,Neutral.
48,18 a 20 años.,Mérida,Bachiller,Empleado o emprendedor,No aplica,No aplica,"Trabajador independiente (freelance, emprendedor).",Combinación de bolívares y dólares,$40 a $80.,"Alimentación, Transporte",$0,$0,$0,"Música, Arte",Más de $70,Sí,$10 a $20,No,No,Mejor.,Bastante satisfecho.
49,21 a 23 años.,Mérida,Bachiller,Estudiante y empleado.,Pública.,Semestre.,"Trabajador independiente (freelance, emprendedor).",Combinación de bolívares y dólares,Menos $40.,"Vivienda., Alimentación, Transporte",$40 a 80$,$20 a $40,$20 a $40,No aplica.,$10 a $30,No,$0,Sí,Sí,Mucho peor.,Nada satisfecho.
50,18 a 20 años.,Miranda,Bachiller,Desempleado.,No aplica,No aplica,,,,,,,,,,,,,,Mejor.,Neutral.
51,21 a 23 años.,Mérida,Bachiller,Estudiante.,Pública.,Semestre.,,,,,,,,,,,,,,Igual.,Poco satisfecho.
52,27 a 29 años.,Mérida,Bachiller,Empleado o emprendedor,Pública.,Semestre.,"Trabajador independiente (freelance, emprendedor).",Bolívares,$120 a $160.,"Vivienda., Alimentación, Transporte",$40 a 80$,Más de $100,$20 a $40,Música,$50 a $70,No,$0,No,Sí,Mucho mejor.,Poco satisfecho.
53,18 a 20 años.,Mérida,Bachiller,Estudiante.,Pública.,Periodos anuales.,,,,,,,,,,,,,,Igual.,Poco satisfecho.
54,18 a 20 años.,Mérida,Bachiller,Estudiante y empleado | Estudiante y emprendedor,Pública.,Semestre.,"Sector privado (empresas, organizaciones no gubernamentales, etc).",Combinación de bolívares y dólares,Menos $40.,Alimentación,$0,$0,$0,Arte,$10 a $30,No,$0,Sí,Sí,Mejor.,Neutral.
55,21 a 23 años.,Mérida,Bachiller,Empleado o emprendedor,No aplica,No aplica,"Sector privado (empresas, organizaciones no gubernamentales, etc).",Combinación de bolívares y dólares,$160 a $200.,"Vivienda., Alimentación, Transporte",$40 a 80$,$40 a $60,$0,Talleres,$10 a $30,Sí,$10 a $20,No,Sí,Mucho mejor.,Muy satisfecho.
56,24 a 26 años.,Mérida,Bachiller,Estudiante y empleado | Estudiante y emprendedor,Pública.,Periodos anuales.,"Trabajador independiente (freelance, emprendedor).",Combinación de bolívares y dólares,$80 a $120.,"Alimentación, Transporte",$40 a 80$,$60 a $80,$20 a $40,No aplica.,$0,Sí,$0 a $10,No,Sí,Igual.,Poco satisfecho.
57,18 a 20 años.,Distrito Capital,Bachiller,Estudiante.,Privada.,Semestre.,,,,,,,,,,,,,,Igual.,Poco satisfecho.
58,21 a 23 años.,Mérida,Bachiller,Estudiante.,Pública.,Trimestre.,,,,,,,,,,,,,,Mucho peor.,Nada satisfecho.
59,21 a 23 años.,Mérida,Bachiller,Estudiante.,Pública.,Semestre.,,,,,,,,,,,,,,Mejor.,Nada satisfecho.
60,21 a 23 años.,Mérida,Bachiller,Estudiante y empleado | Estudiante y emprendedor,Pública.,Semestre.,"Sector público (gobierno, instituciones públicas).",Bolívares,Más de $320,"Alimentación, Transporte",$0,Más de $100,$40 a $60,No aplica.,$0,Sí,Más de $80,Sí,Sí,Mucho mejor.,Muy satisfecho.
61,18 a 20 años.,Mérida,Bachiller,Estudiante.,Pública.,Trimestre.,,,,,,,,,,,,,,Mucho peor.,Nada satisfecho.
62,21 a 23 años.,Mérida,Bachiller,Empleado o emprendedor,Pública.,Semestre.,"Trabajador independiente (freelance, emprendedor).",Combinación de bolívares y dólares,$280 a $320,"Vivienda., Alimentación, Transporte",$80 a $120,Más de $100,$40 a $60,Gimnasio,$10 a $30,Sí,$20 a $50,Sí,Sí,Mejor.,Neutral.
63,24 a 26 años.,Mérida,Bachiller,Empleado o emprendedor,No aplica,No aplica,"Sector público (gobierno, instituciones públicas).",Bolívares,$120 a $160.,"Vivienda., Alimentación, Transporte",$80 a $120,$60 a $80,$20 a $40,"Gimnasio, Deporte, Idiomas, Arte",Más de $70,Sí,$0 a $10,No,Sí,Igual.,Neutral.
64,24 a 26 años.,Mérida,Bachiller,Estudiante y empleado | Estudiante y emprendedor,Pública.,Periodos anuales.,"Sector privado (empresas, organizaciones no gubernamentales, etc).",Combinación de bolívares y dólares,Más de $320,"Alimentación, Transporte",$0,Más de $100,Más de $80,Gimnasio,Más de $70,Sí,Más de $80,No,Sí,Mejor.,Bastante satisfecho.
65,18 a 20 años.,Miranda,Bachiller,Estudiante.,Privada.,Trimestre.,,,,,,,,,,,,,,Mucho mejor.,Satisfecho.
66,18 a 20 años.,Mérida,Bachiller,Empleado o emprendedor,No aplica,No aplica,"Trabajador independiente (freelance, emprendedor).",Combinación de bolívares y dólares,$120 a $160.,"Alimentación, Transporte",$0,$20 a $40,$20 a $40,Idiomas,$50 a $70,Sí,$10 a $20,No,Sí,Mejor.,Poco satisfecho.
67,21 a 23 años.,Mérida,Bachiller,Estudiante.,Pública.,Semestre.,,,,,,,,,,,,,,Peor.,Nada satisfecho.
68,24 a 26 años.,Mérida,Bachiller,Estudiante y empleado | Estudiante y emprendedor,Pública.,Trimestre.,"Trabajador independiente (freelance, emprendedor).",Bolívares,Menos $40.,"Vivienda., Alimentación, Transporte",$40 a 80$,$40 a $60,$20 a $40,Arte,$0,No,$0,No,Sí,Igual.,Nada satisfecho.
69,21 a 23 años.,Mérida,Bachiller,Estudiante y empleado | Estudiante y emprendedor,Pública.,Semestre.,"Sector privado (empresas, organizaciones no gubernamentales, etc).",Dólares estadounidenses,$160 a $200.,Alimentación,$0,$0,$0,"Gimnasio, Deporte, Idiomas",$30 a $50,No,$20 a $50,Sí,Sí,Igual.,Bastante satisfecho.
70,18 a 20 años.,Mérida,Bachiller,Estudiante.,Pública.,Semestre.,,,,,,,,,,,,,,Peor.,Satisfecho.
71,18 a 20 años.,Mérida,Bachiller,Estudiante.,Privada.,No aplica,,,,,,,,,,,,,,Mejor.,Poco satisfecho.
72,21 a 23 años.,Mérida,Bachiller,Empleado o emprendedor,No aplica,No aplica,"Sector privado (empresas, organizaciones no gubernamentales, etc).",Dólares estadounidenses,$200 a $240.,"Vivienda., Alimentación, Transporte",$80 a $120,$60 a $80,$20 a $40,Deporte,$10 a $30,Sí,$0 a $10,Sí,Sí,Mucho peor.,Poco satisfecho.
73,21 a 23 años.,Distrito Capital,Bachiller,Empleado o emprendedor,No aplica,No aplica,"Sector privado (empresas, organizaciones no gubernamentales, etc).",Bolívares,$80 a $120.,"Alimentación, Transporte",$160 a $200,$40 a $60,$20 a $40,Deporte,$0,No,$0,Sí,Sí,Igual.,Poco satisfecho.
74,18 a 20 años.,Distrito Capital,Bachiller,Estudiante.,Pública.,Semestre.,,,,,,,,,,,,,,Mejor.,Satisfecho.
75,21 a 23 años.,Mérida,Bachiller,Empleado o emprendedor,Pública.,Semestre.,"Trabajador independiente (freelance, emprendedor).",Bolívares,$160 a $200.,"Alimentación, Transporte",$0,Más de $100,$20 a $40,No aplica.,$0,No,$0,No,Sí,Mucho mejor.,Neutral.
76,18 a 20 años.,Mérida,Bachiller,Estudiante.,Pública.,Semestre.,,,,,,,,,,,,,,Igual.,Nada satisfecho.
77,18 a 20 años.,Mérida,Bachiller,Estudiante y empleado | Estudiante y emprendedor,Pública.,Semestre.,"Sector privado (empresas, organizaciones no gubernamentales, etc).",Combinación de bolívares y dólares,$80 a $120.,"Alimentación, Transporte",$0,$20 a $40,$20 a $40,No aplica.,$0,Sí,$0 a $10,No,Sí,Igual.,Poco satisfecho.
78,18 a 20 años.,Mérida,Bachiller,Estudiante y empleado | Estudiante y emprendedor,Pública.,Semestre.,"Trabajador independiente (freelance, emprendedor).",Bolívares,$40 a $80.,"Alimentación, Transporte",$0,$40 a $60,$20 a $40,No aplica.,$0,No,$0,Sí,Sí,Igual.,Nada satisfecho.
79,21 a 23 años.,Barinas,Bachiller,Estudiante.,Pública.,Semestre.,,,,,,,,,,,,,,Igual.,Poco satisfecho.
80,18 a 20 años.,Mérida,Bachiller,Estudiante y empleado | Estudiante y emprendedor,Pública.,Semestre.,"Sector privado (empresas, organizaciones no gubernamentales, etc).",Combinación de bolívares y dólares,$40 a $80.,"Alimentación, Transporte",$80 a $120,$60 a $80,$20 a $40,Gimnasio,$30 a $50,Sí,$0 a $10,Sí,Sí,Igual.,Neutral.
81,18 a 20 años.,Mérida,Bachiller,Estudiante y empleado | Estudiante y emprendedor,Pública.,Semestre.,"Trabajador independiente (freelance, emprendedor).",Dólares estadounidenses,$80 a $120.,"Vivienda., Alimentación",$40 a 80$,$20 a $40,$0,No aplica.,$0,Sí,$0 a $10,Sí,Sí,Mejor.,Neutral.
82,18 a 20 años.,Mérida,Bachiller,Estudiante.,Pública.,Periodos anuales.,,,,,,,,,,,,,,Igual.,Bastante satisfecho.
83,21 a 23 años.,Mérida,Bachiller,Estudiante.,Pública.,Semestre.,,,,,,,,,,,,,,Igual.,Poco satisfecho.
84,18 a 20 años.,Mérida,Bachiller,Estudiante.,Pública.,Periodos anuales.,,,,,,,,,,,,,,Igual.,Poco satisfecho.
85,18 a 20 años.,Mérida,Bachiller,Estudiante y empleado | Estudiante y emprendedor,Pública.,Periodos anuales.,"Sector privado (empresas, organizaciones no gubernamentales, etc).",Combinación de bolívares y dólares,$80 a $120.,Transporte,$0,$0,$0,"Gimnasio, Idiomas",Más de $70,Sí,$20 a $50,Sí,Sí,Igual.,Neutral.
86,18 a 20 años.,Mérida,Bachiller,Estudiante.,Pública.,Periodos anuales.,,,,,,,,,,,,,,Mejor.,Poco satisfecho.
87,18 a 20 años.,Mérida,Bachiller,Estudiante.,Pública.,Periodos anuales.,,,,,,,,,,,,,,Mejor.,Bastante satisfecho.
88,18 a 20 años.,Mérida,Bachiller,Estudiante.,Pública.,Periodos anuales.,,,,,,,,,,,,,,Igual.,Nada satisfecho.
89,18 a 20 años.,Mérida,Bachiller,Estudiante.,Pública.,Periodos anuales.,,,,,,,,,,,,,,Igual.,Poco satisfecho.
90,21 a 23 años.,Guárico,Bachiller,Estudiante y empleado | Estudiante y emprendedor,Pública.,Semestre.,"Sector privado (empresas, organizaciones no gubernamentales, etc).",Bolívares,$240 a $280,"Alimentación, Transporte",$40 a 80$,$20 a $40,$20 a $40,No aplica.,$0,Sí,Más de $80,Sí,Sí,Igual.,Neutral.
91,18 a 20 años.,Mérida,Bachiller,Estudiante.,Pública.,Periodos anuales.,,,,,,,,,,,,,,Mejor.,Neutral.
92,18 a 20 años.,Mérida,Bachiller,Estudiante.,Pública.,Periodos anuales.,,,,,,,,,,,,,,Igual.,Poco satisfecho.
93,27 a 29 años.,Mérida,Bachiller,Estudiante y empleado | Estudiante y emprendedor,Pública.,Semestre.,"Sector privado (empresas, organizaciones no gubernamentales, etc).",Bolívares,$40 a $80.,"Vivienda., Alimentación, Transporte",$40 a 80$,Más de $100,$40 a $60,No aplica.,$0,No,$0,Sí,No,Igual.,Nada satisfecho.
94,18 a 20 años.,Mérida,Bachiller,Estudiante.,Pública.,Periodos anuales.,,,,,,,,,,,,,,Igual.,Neutral.
95,18 a 20 años.,Mérida,Bachiller,Estudiante y empleado | Estudiante y emprendedor,Pública.,Semestre.,"Sector privado (empresas, organizaciones no gubernamentales, etc).",Combinación de bolívares y dólares,$40 a $80.,Transporte,$0,$20 a $40,$20 a $40,Gimnasio,$30 a $50,Sí,$10 a $20,No,Sí,Igual.,Poco satisfecho.
96,18 a 20 años.,Mérida,Bachiller,Empleado o emprendedor,No aplica,No aplica,"Sector privado (empresas, organizaciones no gubernamentales, etc).",Bolívares,$40 a $80.,"Alimentación, Transporte",$0,$40 a $60,$20 a $40,No aplica.,$0,No,$0,Sí,Sí,Peor.,Nada satisfecho.
97,18 a 20 años.,Mérida,Bachiller,Estudiante.,Pública.,Semestre.,,,,,,,,,,,,,,Igual.,Nada satisfecho.
98,18 a 20 años.,Mérida,Bachiller,Empleado o emprendedor,No aplica,No aplica,"Sector privado (empresas, organizaciones no gubernamentales, etc).",Combinación de bolívares y dólares,$120 a $160.,"Vivienda., Alimentación, Transporte",$40 a 80$,$40 a $60,$20 a $40,"Deporte, Idiomas",$10 a $30,Sí,$0 a $10,Sí,Sí,Mejor.,Poco satisfecho.
99,18 a 20 años.,Mérida,Bachiller,Estudiante.,Pública.,Semestre.,,,,,,,,,,,,,,Mejor.,Neutral.
100,18 a 20 años.,Mérida,Bachiller,Empleado o emprendedor,No aplica,No aplica,"Trabajador independiente (freelance, emprendedor).",Combinación de bolívares y dólares,$40 a $80.,Transporte,$0,$0,$0,Deporte,$10 a $30,No,$0,No,Sí,Mejor.,Neutral.
101,21 a 23 años.,Mérida,Bachiller,Estudiante y empleado | Estudiante y emprendedor,Pública.,Periodos anuales.,"Sector público (gobierno, instituciones públicas).",Bolívares,$80 a $120.,"Alimentación, Transporte",$0,Más de $100,$40 a $60,No aplica.,$0,Sí,$0 a $10,Sí,Sí,Mejor.,Poco satisfecho.
102,18 a 20 años.,Distrito Capital,Bachiller,Estudiante.,Privada.,Semestre.,,,,,,,,,,,,,,Igual.,Nada satisfecho.
103,18 a 20 años.,Mérida,Bachiller,Estudiante.,Pública.,Periodos anuales.,,,,,,,,,,,,,,Mejor.,Neutral.
104,18 a 20 años.,Mérida,Bachiller,Estudiante y empleado | Estudiante y emprendedor,Pública.,Semestre.,"Sector público (gobierno, instituciones públicas).",Bolívares,$80 a $120.,Transporte,$0,$20 a $40,$60 a $80,Deporte,$10 a $30,Sí,$20 a $50,Sí,Sí,Mejor.,Poco satisfecho.
105,18 a 20 años.,Mérida,Bachiller,Estudiante.,Pública.,Semestre.,,,,,,,,,,,,,,Peor.,Poco satisfecho.
106,18 a 20 años.,Mérida,Bachiller,Estudiante y empleado | Estudiante y emprendedor,No aplica,No aplica,"Trabajador independiente (freelance, emprendedor).",Combinación de bolívares y dólares,Menos $40.,"Alimentación, Transporte",$0,$20 a $40,$20 a $40,"No aplica., Deporte",$0,Sí,$0 a $10,Sí,No,Mejor.,Poco satisfecho.
107,21 a 23 años.,Táchira,Bachiller,Estudiante y empleado | Estudiante y emprendedor,Pública.,Periodos anuales.,"Sector público (gobierno, instituciones públicas).",Bolívares,$40 a $80.,"Vivienda., Alimentación, Transporte",$120 a $160,$60 a $80,$20 a $40,No aplica.,$0,No,$0,No,Sí,Mejor.,Neutral.
108,18 a 20 años.,Miranda,Bachiller,Empleado o emprendedor,No aplica,Semestre.,"Trabajador independiente (freelance, emprendedor).",Bolívares,Menos $40.,"Vivienda., Alimentación",$120 a $160,$40 a $60,$20 a $40,No aplica.,$0,Sí,$0 a $10,No,Sí,Mejor.,Poco satisfecho.
109,18 a 20 años.,Mérida,Bachiller,Estudiante.,Pública.,Semestre.,,,,,,,,,,,,,,Mejor.,Neutral.
110,18 a 20 años.,Mérida,Bachiller,Estudiante.,Pública.,Trimestre.,,,,,,,,,,,,,,Mejor.,Neutral.
111,21 a 23 años.,Mérida,Bachiller,Estudiante.,Privada.,Semestre.,,,,,,,,,,,,,,Igual.,Poco satisfecho.
112,21 a 23 años.,Barinas,Bachiller,Estudiante.,Pública.,Semestre.,,,,,,,,,,,,,,Igual.,Nada satisfecho.
113,24 a 26 años.,Táchira,Bachiller,Estudiante y empleado | Estudiante y emprendedor,Pública.,Semestre.,"Sector privado (empresas, organizaciones no gubernamentales, etc).",Pesos y dolares,$40 a $80.,"Alimentación, Transporte",$40 a 80$,$20 a $40,$20 a $40,"No aplica., ",$0,Sí,$10 a $20,Sí,Sí,Mejor.,Poco satisfecho.
114,21 a 23 años.,Mérida,Bachiller,Estudiante.,Pública.,Semestre.,,,,,,,,,,,,,,Igual.,Poco satisfecho.
115,24 a 26 años.,Distrito Capital,Bachiller,Empleado o emprendedor,No aplica,No aplica,"Sector público (gobierno, instituciones públicas).",Bolívares,$120 a $160.,"Alimentación, Transporte",$0,Más de $100,$20 a $40,No aplica.,$0,No,$0,No,Sí,Igual.,Poco satisfecho.
116,18 a 20 años.,Mérida,Bachiller,Estudiante y empleado | Estudiante y emprendedor,Pública.,Semestre.,"Sector público (gobierno, instituciones públicas).",Bolívares,$40 a $80.,Alimentación,$0,$0,$0,No aplica.,$0,Sí,$50 a $80,No,Sí,Igual.,Poco satisfecho.
117,18 a 20 años.,Mérida,Bachiller,Estudiante y empleado | Estudiante y emprendedor,Pública.,Semestre.,"Trabajador independiente (freelance, emprendedor).",Combinación de bolívares y dólares,$80 a $120.,"Alimentación, Transporte",$40 a 80$,$40 a $60,$20 a $40,Gimnasio,$10 a $30,No,$0,No,Sí,Igual.,Poco satisfecho.
118,27 a 29 años.,Portuguesa,Bachiller,Empleado o emprendedor,No aplica,No aplica,"Trabajador independiente (freelance, emprendedor).",Combinación de bolívares y dólares,Menos $40.,Alimentación,$40 a 80$,$20 a $40,$0,"Deporte, Música",$0,No,$0,Sí,Sí,Mejor.,Satisfecho.
119,18 a 20 años.,Mérida,Bachiller,Estudiante y empleado | Estudiante y emprendedor,Pública.,Semestre.,"Trabajador independiente (freelance, emprendedor).",Dólares estadounidenses,$200 a $240.,"Alimentación, Transporte",$0,$20 a $40,$20 a $40,No aplica.,$0,Sí,Más de $80,Sí,Sí,Mejor.,Neutral.
120,24 a 26 años.,Distrito Capital,Posgrado.,Empleado o emprendedor,Privada.,Semestre.,"Sector privado (empresas, organizaciones no gubernamentales, etc).",Bolívares,Más de $320,"Vivienda., Alimentación, Transporte",Más de $200,Más de $100,$60 a $80,"Gimnasio, Deporte, Idiomas",Más de $70,Sí,Más de $80,Sí,Sí,Mucho mejor.,Poco satisfecho.
121,27 a 29 años.,Mérida,Posgrado.,Empleado o emprendedor,Privada.,Periodos anuales.,"Sector público (gobierno, instituciones públicas).",Bolívares,$80 a $120.,Alimentación,Más de $200,Más de $100,$20 a $40,Gimnasio,$10 a $30,Sí,$20 a $50,No,Sí,Igual.,Nada satisfecho.
122,18 a 20 años.,Mérida,Posgrado.,Estudiante y empleado | Estudiante y emprendedor,Pública.,Semestre.,"Trabajador independiente (freelance, emprendedor).",Combinación de bolívares y dólares,Menos $40.,"Alimentación, Transporte",$0,$20 a $40,$20 a $40,Gimnasio,$10 a $30,No,$0,Sí,Sí,Mejor.,Poco satisfecho.
123,27 a 29 años.,Portuguesa,Profesional,Empleado o emprendedor,,,"Trabajador independiente (freelance, emprendedor).",Combinación de bolívares y dólares,Más de $320,"Vivienda., Alimentación, Transporte",$120 a $160,$80 a $100,$40 a $60,No aplica.,$0,Sí,Más de $80,No,Sí,Mejor.,Neutral.
124,27 a 29 años.,Mérida,Profesional,Empleado o emprendedor,No aplica,No aplica,"Trabajador independiente (freelance, emprendedor).",Combinación de bolívares y dólares,$160 a $200.,"Vivienda., Alimentación, Transporte",$40 a 80$,$40 a $60,$20 a $40,Gimnasio,$50 a $70,No,$0,No,Sí,Mucho mejor.,Satisfecho.
125,27 a 29 años.,Mérida,Profesional,Empleado o emprendedor,Privada.,No aplica,"Sector privado (empresas, organizaciones no gubernamentales, etc).",Dólares estadounidenses,$280 a $320,"Vivienda., Alimentación, Transporte",Más de $200,$80 a $100,$20 a $40,Baile y deporte,$10 a $30,Sí,$10 a $20,No,Sí,Mejor.,Neutral.
126,27 a 29 años.,Mérida,Profesional,Empleado o emprendedor,Pública.,Periodos anuales.,"Trabajador independiente (freelance, emprendedor).",Combinación de bolívares y dólares,$240 a $280,"Alimentación, Transporte",$0,$80 a $100,$20 a $40,Gimnasio,$10 a $30,No,$0,No,Sí,Mejor.,Poco satisfecho.
127,24 a 26 años.,Anzoátegui,Profesional,Empleado o emprendedor,Pública.,Periodos anuales.,"Trabajador independiente (freelance, emprendedor).",Dólares estadounidenses,Más de $320,"Alimentación, Transporte",$0,$80 a $100,$20 a $40,"Gimnasio, Cursos",Más de $70,Sí,$50 a $80,No,Sí,Mucho mejor.,Neutral.
128,27 a 29 años.,Táchira,Profesional,Empleado o emprendedor,Pública.,Periodos anuales.,"Sector público (gobierno, instituciones públicas).",Bolívares,$80 a $120.,"Vivienda., Alimentación, Transporte",$40 a 80$,$60 a $80,$20 a $40,"Gimnasio, Deporte",$10 a $30,Sí,$0 a $10,Sí,Sí,Peor.,Nada satisfecho.
129,27 a 29 años.,Distrito Capital,Profesional,Empleado o emprendedor,Pública.,Trimestre.,"Sector público (gobierno, instituciones públicas).",Bolívares,$160 a $200.,"Vivienda., Alimentación, Transporte",Más de $200,Más de $100,$20 a $40,"Gimnasio, Arte",$30 a $50,Sí,$10 a $20,Sí,Sí,Igual.,Poco satisfecho.
130,21 a 23 años.,Táchira,Profesional,Empleado o emprendedor,No aplica,No aplica,"Sector privado (empresas, organizaciones no gubernamentales, etc).",Bolivares y pesos colombianos/dolares,$160 a $200.,"Alimentación, Transporte",$0,$40 a $60,$20 a $40,No aplica.,$30 a $50,Sí,$50 a $80,Sí,No,Mucho mejor.,Neutral.
131,24 a 26 años.,Mérida,Profesional,Empleado o emprendedor,No aplica,No aplica,"Sector privado (empresas, organizaciones no gubernamentales, etc).",Combinación de bolívares y dólares,Más de $320,"Alimentación, Transporte",$0,$80 a $100,$20 a $40,Gimnasio,$30 a $50,Sí,Más de $80,Sí,Sí,Mucho mejor.,Bastante satisfecho.
132,24 a 26 años.,Yaracuy,Profesional,Empleado o emprendedor,Pública.,Semestre.,"Sector privado (empresas, organizaciones no gubernamentales, etc).",Bolívares,$120 a $160.,"Alimentación, Transporte",$0,Más de $100,$20 a $40,No aplica.,$0,No,$0,No,Sí,Igual.,Poco satisfecho.
133,21 a 23 años.,Táchira,Profesional,Empleado o emprendedor,No aplica,No aplica,"Sector privado (empresas, organizaciones no gubernamentales, etc).",Dólares estadounidenses,$40 a $80.,Transporte,$0,$0,$20 a $40,No aplica.,$0,Sí,$10 a $20,Sí,Sí,Mucho mejor.,Neutral.
134,27 a 29 años.,Mérida,Profesional,Empleado o emprendedor,No aplica,No aplica,"Trabajador independiente (freelance, emprendedor).",Combinación de bolívares y dólares,Más de $320,"Vivienda., Alimentación, Transporte",$120 a $160,Más de $100,Más de $80,Salsa Casino,$10 a $30,Sí,$50 a $80,No,Sí,Mejor.,Muy satisfecho.
135,18 a 20 años.,Mérida,Técnico Medio.,Empleado o emprendedor,No aplica,No aplica,"Sector privado (empresas, organizaciones no gubernamentales, etc).",Combinación de bolívares y dólares,$80 a $120.,"Vivienda., Alimentación, Transporte",$80 a $120,$40 a $60,$20 a $40,"Música, Arte",$30 a $50,Sí,$10 a $20,Sí,Sí,Mejor.,Poco satisfecho.
136,21 a 23 años.,Mérida,Técnico Medio.,Estudiante.,Pública.,Semestre.,,,,,,,,,,,,,,Peor.,Poco satisfecho.
137,18 a 20 años.,Mérida,Técnico Medio.,Estudiante y empleado.,Pública.,Trimestre.,"Sector público (gobierno, instituciones públicas).",Bolívares,$80 a $120.,Alimentación,$0,$40 a $60,$0,Gimnasio,$10 a $30,No,$0,No,No,Mucho mejor.,Satisfecho.
138,21 a 23 años.,Distrito Capital,Técnico Medio.,Estudiante.,Pública.,Semestre.,,,,,,,,,,,,,,Mejor.,Poco satisfecho.
139,18 a 20 años.,Distrito Capital,Técnico Medio.,Estudiante.,,,,,,,,,,,,,,,,Mucho mejor.,Poco satisfecho.
140,18 a 20 años.,Mérida,Técnico Medio.,Estudiante.,Privada.,Semestre.,,,,,,,,,,,,,,Mejor.,Satisfecho.
141,21 a 23 años.,Mérida,Técnico Medio.,Estudiante.,Pública.,Semestre.,,,,,,,,,,,,,,Igual.,Nada satisfecho.
142,18 a 20 años.,Distrito Capital,Técnico Medio.,Estudiante.,Pública.,Semestre.,,,,,,,,,,,,,,Peor.,Nada satisfecho.
143,18 a 20 años.,Mérida,Técnico Medio.,Estudiante y empleado.,Pública.,Semestre.,"Trabajador independiente (freelance, emprendedor).",Dólares estadounidenses,Menos $40.,Transporte,$0,$0,$20 a $40,No aplica.,$10 a $30,Sí,$0 a $10,No,Sí,Mejor.,Satisfecho.
144,18 a 20 años.,Mérida,Técnico Medio.,Estudiante y empleado | Estudiante y emprendedor,Pública.,Periodos anuales.,"Sector privado (empresas, organizaciones no gubernamentales, etc).",Bolívares,$280 a $320,"Alimentación, Transporte",$80 a $120,$0,$20 a $40,No aplica.,$0,Sí,Más de $80,No,Sí,Mejor.,Poco satisfecho.
145,27 a 29 años.,Mérida,Técnico Medio.,Empleado o emprendedor,Pública.,Semestre.,"Trabajador independiente (freelance, emprendedor).",Bolívares,$80 a $120.,"Vivienda., Alimentación, Transporte",$40 a 80$,Más de $100,Más de $80,No aplica.,$30 a $50,Sí,$20 a $50,No,Sí,Mejor.,Poco satisfecho.
146,18 a 20 años.,Mérida,Técnico Medio.,Estudiante y empleado | Estudiante y emprendedor,Pública.,Semestre.,"Trabajador independiente (freelance, emprendedor).",Bolívares,$40 a $80.,"Alimentación, Transporte",$0,$20 a $40,$20 a $40,Arte,$10 a $30,Sí,$10 a $20,Sí,Sí,Mejor.,Satisfecho.
147,24 a 26 años.,Mérida,Técnico Medio.,Estudiante y empleado | Estudiante y emprendedor,Pública.,Periodos anuales.,"Sector privado (empresas, organizaciones no gubernamentales, etc).",Combinación de bolívares y dólares,$120 a $160.,"Alimentación, Transporte",$0,$40 a $60,$20 a $40,Deporte,$10 a $30,Sí,$0 a $10,No,Sí,Igual.,Neutral.
148,18 a 20 años.,Distrito Capital,Técnico Medio.,Estudiante.,Pública.,Semestre.,,,,,,,,,,,,,,Mejor.,Poco satisfecho.
149,18 a 20 años.,Mérida,Técnico Medio.,Estudiante y empleado | Estudiante y emprendedor,Pública.,Semestre.,"Sector público (gobierno, instituciones públicas).",Bolívares,$80 a $120.,"Alimentación, Transporte",$0,$20 a $40,$20 a $40,Gimnasio,$10 a $30,No,$0,Sí,Sí,Mejor.,Nada satisfecho.
150,18 a 20 años.,Mérida,Técnico Medio.,Estudiante y empleado | Estudiante y emprendedor,Pública.,Semestre.,"Sector privado (empresas, organizaciones no gubernamentales, etc).",Combinación de bolívares y dólares,$40 a $80.,"Alimentación, Transporte",$0,$20 a $40,$20 a $40,"Deporte, Idiomas",$30 a $50,No,$0,No,Sí,Igual.,Poco satisfecho.
151,21 a 23 años.,Mérida,Técnico Medio.,Empleado o emprendedor,No aplica,No aplica,"Trabajador independiente (freelance, emprendedor).",Combinación de bolívares y dólares,Más de $320,"Vivienda., Alimentación, Transporte",Más de $200,Más de $100,$40 a $60,Gimnasio,$10 a $30,Sí,Más de $80,Sí,Sí,Mucho mejor.,Bastante satisfecho.
152,18 a 20 años.,Mérida,Técnico Medio.,Empleado o emprendedor,Pública.,Semestre.,"Sector público (gobierno, instituciones públicas).",Dólares estadounidenses,$120 a $160.,Vivienda.,$160 a $200,$60 a $80,$20 a $40,Gimnasio,$50 a $70,Sí,Más de $80,No,Sí,Igual.,Poco satisfecho.
153,21 a 23 años.,Táchira,Técnico Medio.,Empleado o emprendedor,Pública.,Semestre.,"Trabajador independiente (freelance, emprendedor).",Dólares estadounidenses,Más de $320,"Vivienda., Alimentación, Transporte",$40 a 80$,Más de $100,$60 a $80,Gimnasio,$10 a $30,Sí,Más de $80,Sí,Sí,Mejor.,Neutral.
154,18 a 20 años.,Mérida,Técnico Medio.,Estudiante y empleado | Estudiante y emprendedor,Pública.,Semestre.,"Sector privado (empresas, organizaciones no gubernamentales, etc).",Combinación de bolívares y dólares,$120 a $160.,"Alimentación, Transporte",$0,$40 a $60,$20 a $40,"Deporte, ",$30 a $50,Sí,$0 a $10,No,Sí,Igual.,Poco satisfecho.
155,18 a 20 años.,Distrito Capital,Técnico Superior Universitario,Estudiante y empleado.,Pública.,Semestre.,"Sector privado (empresas, organizaciones no gubernamentales, etc).",Bolívares,$120 a $160.,"Alimentación, Transporte",$0,$20 a $40,$20 a $40,No aplica.,$0,Sí,$0 a $10,Sí,Sí,Mejor.,Satisfecho.
156,21 a 23 años.,Mérida,Técnico Superior Universitario,Estudiante.,Pública.,Periodos anuales.,,,,,,,,,,,,,,Igual.,Nada satisfecho.
157,18 a 20 años.,Mérida,Técnico Superior Universitario,Estudiante.,Pública.,Semestre.,,,,,,,,,,,,,,Mejor.,Bastante satisfecho.
158,24 a 26 años.,Mérida,Técnico Superior Universitario,Estudiante y empleado | Estudiante y emprendedor,Pública.,Semestre.,"Sector privado (empresas, organizaciones no gubernamentales, etc).",Bolívares,$80 a $120.,"Alimentación, Transporte",$0,$60 a $80,$20 a $40,Prepas,$10 a $30,No,$0,No,Sí,Peor.,Nada satisfecho.
159,18 a 20 años.,Mérida,Técnico Superior Universitario,Estudiante.,Pública.,Periodos anuales.,,,,,,,,,,,,,,Mejor.,Satisfecho.
160,27 a 29 años.,Distrito Capital,Técnico Superior Universitario,Empleado o emprendedor,Privada.,Trimestre.,"Sector público (gobierno, instituciones públicas).",Bolívares,$80 a $120.,"Vivienda., Alimentación, Transporte",$40 a 80$,$40 a $60,$20 a $40,No aplica.,$0,Sí,$0 a $10,No,Sí,Igual.,Nada satisfecho.
161,21 a 23 años.,Distrito Capital,Universitario.,Estudiante y empleado.,Privada.,Semestre.,"Trabajador independiente (freelance, emprendedor).",Combinación de bolívares y dólares,Menos $40.,"Alimentación, Transporte",$0,$20 a $40,Más de $80,Gimnasio,$10 a $30,No,$0,No,Sí,Igual.,Poco satisfecho.
162,18 a 20 años.,Distrito Capital,Universitario.,Estudiante.,Privada.,Trimestre.,,,,,,,,,,,,,,Igual.,Poco satisfecho.
163,18 a 20 años.,Distrito Capital,Universitario.,Estudiante.,Privada.,Trimestre.,,,,,,,,,,,,,,Igual.,Neutral.
164,21 a 23 años.,Distrito Capital,Universitario.,Estudiante.,Privada.,Trimestre.,,,,,,,,,,,,,,Mucho mejor.,Neutral.
165,21 a 23 años.,Distrito Capital,Universitario.,Estudiante.,Privada.,Trimestre.,,,,,,,,,,,,,,Igual.,Bastante satisfecho.
166,24 a 26 años.,Distrito Capital,Universitario.,Estudiante y empleado.,Privada.,Trimestre.,"Trabajador independiente (freelance, emprendedor).",Combinación de bolívares y dólares,$120 a $160.,"Alimentación, Transporte",$0,$80 a $100,$20 a $40,No aplica.,$0,Sí,$10 a $20,Sí,Sí,Mejor.,Poco satisfecho.
167,21 a 23 años.,Miranda,Universitario.,Estudiante.,Privada.,Trimestre.,,,,,,,,,,,,,,Mejor.,Poco satisfecho.
168,21 a 23 años.,Miranda,Universitario.,Estudiante.,Privada.,Trimestre.,,,,,,,,,,,,,,Mejor.,Neutral.
169,18 a 20 años.,Miranda,Universitario.,Estudiante.,Privada.,Trimestre.,,,,,,,,,,,,,,Mucho mejor.,Bastante satisfecho.
170,18 a 20 años.,Miranda,Universitario.,Estudiante.,Privada.,Semestre.,,,,,,,,,,,,,,Igual.,Satisfecho.
171,21 a 23 años.,Distrito Capital,Universitario.,Estudiante.,Privada.,Trimestre.,,,,,,,,,,,,,,Igual.,Satisfecho.
172,21 a 23 años.,Mérida,Universitario.,Estudiante.,Pública.,Semestre.,,,,,,,,,,,,,,Igual.,Poco satisfecho.
173,21 a 23 años.,Mérida,Universitario.,Estudiante y empleado.,Pública.,Semestre.,"Sector público (gobierno, instituciones públicas).",Bolívares,$240 a $280,"Vivienda., Alimentación, Transporte",$40 a 80$,$40 a $60,$20 a $40,Deporte,$0,Sí,Más de $80,Sí,Sí,Mejor.,Neutral.
174,18 a 20 años.,Distrito Capital,Universitario.,Estudiante.,Privada.,Trimestre.,,,,,,,,,,,,,,Mejor.,Poco satisfecho.
175,18 a 20 años.,Distrito Capital,Universitario.,Estudiante.,Privada.,Trimestre.,,,,,,,,,,,,,,Mejor.,Poco satisfecho.
176,27 a 29 años.,Miranda,Universitario.,Empleado o emprendedor,Pública.,Trimestre.,"Sector privado (empresas, organizaciones no gubernamentales, etc).",Dólares estadounidenses,Más de $320,"Vivienda., Alimentación, Transporte",$40 a 80$,$80 a $100,Más de $80,Gimnasio,$10 a $30,Sí,Más de $80,No,Sí,Mucho mejor.,Bastante satisfecho.
177,18 a 20 años.,Miranda,Universitario.,Estudiante.,Privada.,Trimestre.,,,,,,,,,,,,,,Igual.,Bastante satisfecho.
178,18 a 20 años.,Miranda,Universitario.,Estudiante.,Privada.,Trimestre.,,,,,,,,,,,,,,Igual.,Neutral.
179,18 a 20 años.,Miranda,Universitario.,Estudiante.,Privada.,Trimestre.,,,,,,,,,,,,,,Mejor.,Muy satisfecho.
180,21 a 23 años.,Mérida,Universitario.,Estudiante y empleado.,Pública.,Semestre.,"Sector público (gobierno, instituciones públicas).",Bolívares,$240 a $280,"Vivienda., Alimentación, Transporte",$80 a $120,$40 a $60,$20 a $40,No aplica.,$0,No,$0,No,Sí,Igual.,Poco satisfecho.
181,27 a 29 años.,Mérida,Universitario.,Estudiante.,Pública.,Periodos anuales.,,,,,,,,,,,,,,Mejor.,Poco satisfecho.
182,21 a 23 años.,Mérida,Universitario.,Estudiante.,Pública.,Periodos anuales.,,,,,,,,,,,,,,Igual.,Poco satisfecho.
183,21 a 23 años.,Mérida,Universitario.,Estudiante.,Pública.,Periodos anuales.,,,,,,,,,,,,,,Igual.,Neutral.
184,21 a 23 años.,Mérida,Universitario.,Estudiante.,Pública.,Periodos anuales.,,,,,,,,,,,,,,Igual.,Satisfecho.
185,21 a 23 años.,Mérida,Universitario.,Estudiante y empleado.,Pública.,Semestre.,"Sector privado (empresas, organizaciones no gubernamentales, etc).",Dólares estadounidenses,Menos $40.,Vivienda.,$40 a 80$,$20 a $40,$40 a $60,No aplica.,$50 a $70,No,$0,Sí,Sí,Peor.,Nada satisfecho.
186,21 a 23 años.,Mérida,Universitario.,Estudiante.,Pública.,Periodos anuales.,,,,,,,,,,,,,,Mejor.,Nada satisfecho.
187,21 a 23 años.,Mérida,Universitario.,Estudiante y empleado.,Pública.,Periodos anuales.,"Trabajador independiente (freelance, emprendedor).",Combinación de bolívares y dólares,Menos $40.,Transporte,$0,$0,$20 a $40,"No aplica., ",$0,Sí,$20 a $50,No,Sí,Mejor.,Nada satisfecho.
188,24 a 26 años.,Mérida,Universitario.,Estudiante.,Pública.,Periodos anuales.,,,,,,,,,,,,,,Mejor.,Neutral.
189,21 a 23 años.,Mérida,Universitario.,Estudiante.,Pública.,Periodos anuales.,,,,,,,,,,,,,,Igual.,Poco satisfecho.
190,21 a 23 años.,Mérida,Universitario.,Estudiante y empleado.,Pública.,Periodos anuales.,"Sector privado (empresas, organizaciones no gubernamentales, etc).",Bolívares,$120 a $160.,"Vivienda., Alimentación, Transporte",$40 a 80$,$60 a $80,$20 a $40,No aplica.,$0,Sí,$10 a $20,No,Sí,Peor.,Poco satisfecho.
191,21 a 23 años.,Mérida,Universitario.,Estudiante.,Pública.,Periodos anuales.,,,,,,,,,,,,,,Igual.,Poco satisfecho.
192,24 a 26 años.,Mérida,Universitario.,Estudiante.,Pública.,Semestre.,,,,,,,,,,,,,,Igual.,Nada satisfecho.
193,18 a 20 años.,Mérida,Universitario.,Estudiante y empleado.,Pública.,Semestre.,"Trabajador independiente (freelance, emprendedor).",Combinación de bolívares y dólares,Más de $320,"Alimentación, Transporte",$0,Más de $100,$20 a $40,"Gimnasio, Idiomas",Más de $70,Sí,$50 a $80,Sí,Sí,Mucho mejor.,Bastante satisfecho.
194,18 a 20 años.,Mérida,Universitario.,Estudiante.,Pública.,Semestre.,,,,,,,,,,,,,,Mejor.,Satisfecho.
195,18 a 20 años.,Mérida,Universitario.,Estudiante y empleado.,Pública.,Trimestre.,"Trabajador independiente (freelance, emprendedor).",Combinación de bolívares y dólares,Más de $320,Vivienda.,$0,$0,$0,Arte,$10 a $30,Sí,Más de $80,No,Sí,Mucho mejor.,Satisfecho.
196,24 a 26 años.,Mérida,Universitario.,Desempleado.,Pública.,Periodos anuales.,,,,,,,,,,,,,,Igual.,Satisfecho.
197,18 a 20 años.,Mérida,Universitario.,Empleado o emprendedor,Pública.,Semestre.,"Trabajador independiente (freelance, emprendedor).",Bolívares,Menos $40.,Alimentación,$40 a 80$,$40 a $60,$20 a $40,"Gimnasio, Deporte",$10 a $30,No,$0,Sí,Sí,Mejor.,Neutral.
198,24 a 26 años.,Mérida,Universitario.,Estudiante.,Pública.,Periodos anuales.,,,,,,,,,,,,,,Igual.,Nada satisfecho.
199,18 a 20 años.,Mérida,Universitario.,Estudiante.,Pública.,Periodos anuales.,,,,,,,,,,,,,,Igual.,Satisfecho.
200,18 a 20 años.,Mérida,Universitario.,Estudiante y empleado.,Privada.,Semestre.,"Sector público (gobierno, instituciones públicas).",Bolívares,$80 a $120.,"Alimentación, Transporte",$0,$80 a $100,$40 a $60,"No aplica., ",$10 a $30,Sí,$10 a $20,No,Sí,Mejor.,Poco satisfecho.
201,18 a 20 años.,Mérida,Universitario.,Estudiante y empleado | Estudiante y emprendedor,Pública.,Periodos anuales.,"Trabajador independiente (freelance, emprendedor).",Bolívares,$40 a $80.,Transporte,$0,$0,$20 a $40,No aplica.,$0,No,$0,No,Sí,Mejor.,Nada satisfecho.
202,27 a 29 años.,Mérida,Universitario.,Estudiante.,Pública.,Periodos anuales.,,,,,,,,,,,,,,Igual.,Neutral.
203,24 a 26 años.,Mérida,Universitario.,Estudiante y empleado | Estudiante y emprendedor,Pública.,Periodos anuales.,"Trabajador independiente (freelance, emprendedor).",Dólares estadounidenses,Más de $320,Alimentación,$0,$60 a $80,$0,Gimnasio,$10 a $30,Sí,Más de $80,Sí,Sí,Mucho mejor.,Bastante satisfecho.
204,27 a 29 años.,Mérida,Universitario.,Estudiante y empleado | Estudiante y emprendedor,Pública.,Semestre.,"Sector público (gobierno, instituciones públicas).",Bolívares,$200 a $240.,"Alimentación, Transporte",$120 a $160,$80 a $100,$20 a $40,"Deporte, Música",$10 a $30,Sí,$20 a $50,No,Sí,Mejor.,Satisfecho.
205,21 a 23 años.,Mérida,Universitario.,Estudiante y empleado | Estudiante y emprendedor,Pública.,Semestre.,"Sector privado (empresas, organizaciones no gubernamentales, etc).",Bolívares,$120 a $160.,"Vivienda., Alimentación, Transporte",$40 a 80$,$40 a $60,$20 a $40,"Música, Arte",$10 a $30,No,$0,Sí,Sí,Igual.,Poco satisfecho.
206,24 a 26 años.,Mérida,Universitario.,Estudiante y empleado | Estudiante y emprendedor,Pública.,Periodos anuales.,"Sector público (gobierno, instituciones públicas).",Bolívares,$120 a $160.,"Alimentación, Transporte",$0,$20 a $40,$20 a $40,"Gimnasio, Deporte",$10 a $30,Sí,$10 a $20,No,Sí,Mejor.,Poco satisfecho.
207,18 a 20 años.,Zulia,Universitario.,Estudiante y empleado | Estudiante y emprendedor,Privada.,Trimestre.,"Sector privado (empresas, organizaciones no gubernamentales, etc).",Combinación de bolívares y dólares,$160 a $200.,Alimentación,$0,$60 a $80,$0,Gimnasio,$30 a $50,Sí,Más de $80,Sí,Sí,Mejor.,Satisfecho.
208,21 a 23 años.,Mérida,Universitario.,Estudiante.,Pública.,Semestre.,,,,,,,,,,,,,,Igual.,Neutral.
209,18 a 20 años.,Mérida,Universitario.,Estudiante.,Pública.,Semestre.,,,,,,,,,,,,,,Mejor.,Neutral.
210,18 a 20 años.,Mérida,Universitario.,Estudiante.,Pública.,Semestre.,,,,,,,,,,,,,,Igual.,Poco satisfecho.
211,21 a 23 años.,Distrito Capital,Universitario.,Estudiante.,Pública.,Semestre.,,,,,,,,,,,,,,Mejor.,Neutral.
212,18 a 20 años.,Mérida,Universitario.,Estudiante y empleado | Estudiante y emprendedor,Pública.,Semestre.,"Trabajador independiente (freelance, emprendedor).",Combinación de bolívares y dólares,Menos $40.,Transporte,$0,$0,$0,"Deporte, Arte",$10 a $30,Sí,$10 a $20,No,Sí,Mucho mejor.,Neutral.
213,18 a 20 años.,Mérida,Universitario.,Estudiante y empleado | Estudiante y emprendedor,Pública.,Periodos anuales.,"Sector privado (empresas, organizaciones no gubernamentales, etc).",Combinación de bolívares y dólares,$40 a $80.,"Alimentación, Transporte",$0,$20 a $40,$20 a $40,Arte,$10 a $30,No,$0,No,No,Mejor.,Neutral.
214,21 a 23 años.,Distrito Capital,Universitario.,Estudiante y empleado | Estudiante y emprendedor,Privada.,Trimestre.,"Sector privado (empresas, organizaciones no gubernamentales, etc).",Dólares estadounidenses,Más de $320,"Alimentación, Transporte",$0,$80 a $100,$20 a $40,Educación no formal,$10 a $30,Sí,Más de $80,Sí,Sí,Igual.,Poco satisfecho.
215,18 a 20 años.,Mérida,Universitario.,Estudiante y empleado | Estudiante y emprendedor,Pública.,Semestre.,"Trabajador independiente (freelance, emprendedor).",Bolívares,$80 a $120.,"Vivienda., Alimentación, Transporte",$40 a 80$,$80 a $100,$20 a $40,Gimnasio,$50 a $70,Sí,$10 a $20,Sí,Sí,Igual.,Poco satisfecho.
216,18 a 20 años.,Mérida,Universitario.,Estudiante y empleado | Estudiante y emprendedor,Pública.,Semestre.,"Sector privado (empresas, organizaciones no gubernamentales, etc).",Combinación de bolívares y dólares,$40 a $80.,"Alimentación, Transporte",$0,$40 a $60,$20 a $40,"Gimnasio, Arte, Academia de Danza",$30 a $50,Sí,$0 a $10,Sí,Sí,Mejor.,Neutral.
217,21 a 23 años.,Mérida,Universitario.,Estudiante y empleado | Estudiante y emprendedor,Pública.,Semestre.,"Trabajador independiente (freelance, emprendedor).",Dólares estadounidenses,Menos $40.,Transporte,$0,$0,$20 a $40,"Gimnasio, Idiomas",Más de $70,Sí,$20 a $50,Sí,Sí,Igual.,Poco satisfecho.
218,21 a 23 años.,Miranda,Universitario.,Estudiante.,Privada.,Trimestre.,,,,,,,,,,,,,,Mejor.,Poco satisfecho.
219,27 a 29 años.,Mérida,Universitario.,Empleado o emprendedor,Pública.,Periodos anuales.,"Sector privado (empresas, organizaciones no gubernamentales, etc).",Combinación de bolívares y dólares,$160 a $200.,"Alimentación, Transporte",$0,Más de $100,$20 a $40,Música,$10 a $30,Sí,$10 a $20,Sí,No,Mejor.,Poco satisfecho.
220,18 a 20 años.,Miranda,Universitario.,Estudiante.,Pública.,Semestre.,,,,,,,,,,,,,,Mejor.,Satisfecho.
221,18 a 20 años.,Mérida,Universitario.,Estudiante.,Pública.,Semestre.,,,,,,,,,,,,,,Mejor.,Poco satisfecho.
222,27 a 29 años.,Distrito Capital,Universitario.,Empleado o emprendedor,Pública.,Semestre.,"Trabajador independiente (freelance, emprendedor).",Dólares estadounidenses,$120 a $160.,"Vivienda., Alimentación, Transporte",$40 a 80$,$20 a $40,$0,"Arte, CINE",$10 a $30,No,$0,Sí,Sí,Mucho mejor.,Poco satisfecho.
223,18 a 20 años.,Mérida,Universitario.,Estudiante.,Pública.,Semestre.,,,,,,,,,,,,,,Igual.,Poco satisfecho.
224,18 a 20 años.,Mérida,Universitario.,Estudiante.,Pública.,Periodos anuales.,,,,,,,,,,,,,,Mejor.,Neutral.
225,18 a 20 años.,Mérida,Universitario.,Estudiante.,Pública.,Periodos anuales.,,,,,,,,,,,,,,Igual.,Neutral.
226,18 a 20 años.,Mérida,Universitario.,Estudiante.,Pública.,Periodos anuales.,,,,,,,,,,,,,,Igual.,Satisfecho.
227,18 a 20 años.,Mérida,Universitario.,Estudiante y empleado | Estudiante y emprendedor,Pública.,Periodos anuales.,"Trabajador independiente (freelance, emprendedor).",Combinación de bolívares y dólares,Menos $40.,"Alimentación, Transporte",$0,$0,$20 a $40,Gimnasio,$10 a $30,Sí,$0 a $10,No,Sí,Mejor.,Poco satisfecho.
228,18 a 20 años.,Mérida,Universitario.,Estudiante y empleado | Estudiante y emprendedor,Pública.,Periodos anuales.,"Sector privado (empresas, organizaciones no gubernamentales, etc).",Combinación de bolívares y dólares,Menos $40.,"Alimentación, Transporte",$0,$20 a $40,$20 a $40,No aplica.,$0,Sí,$0 a $10,Sí,Sí,Igual.,Neutral.
229,18 a 20 años.,Mérida,Universitario.,Estudiante y empleado | Estudiante y emprendedor,Pública.,Semestre.,"Sector público (gobierno, instituciones públicas).",Bolívares,$80 a $120.,Vivienda.,$40 a 80$,$20 a $40,$20 a $40,"Gimnasio, Deporte, Música, Canto",$10 a $30,Sí,$20 a $50,Sí,Sí,Mejor.,Poco satisfecho.
230,21 a 23 años.,Mérida,Universitario.,Estudiante y empleado | Estudiante y emprendedor,Pública.,Semestre.,"Sector privado (empresas, organizaciones no gubernamentales, etc).",Bolívares,$120 a $160.,"Alimentación, Transporte",$40 a 80$,$20 a $40,$20 a $40,Deporte,$10 a $30,Sí,$0 a $10,Sí,Sí,Mejor.,Neutral.
231,18 a 20 años.,Mérida,Universitario.,Estudiante.,Pública.,Trimestre.,,,,,,,,,,,,,,Igual.,Neutral.
232,18 a 20 años.,Mérida,Universitario.,Estudiante.,Pública.,Semestre.,,,,,,,,,,,,,,Igual.,Poco satisfecho.
233,18 a 20 años.,Táchira,Universitario.,Estudiante.,Pública.,Periodos anuales.,,,,,,,,,,,,,,Peor.,Nada satisfecho.
234,21 a 23 años.,Mérida,Universitario.,Estudiante y empleado | Estudiante y emprendedor,Pública.,Semestre.,"Trabajador independiente (freelance, emprendedor).",Dólares estadounidenses,$80 a $120.,"Alimentación, Transporte",$0,$60 a $80,$20 a $40,No aplica.,Más de $70,Sí,Más de $80,No,Sí,Mejor.,Neutral.
235,18 a 20 años.,Mérida,Universitario.,Estudiante y empleado | Estudiante y emprendedor,Pública.,Semestre.,"Trabajador independiente (freelance, emprendedor).",Dólares estadounidenses,$160 a $200.,"Alimentación, Transporte",$0,Más de $100,$20 a $40,Gimnasio,$10 a $30,Sí,$20 a $50,Sí,Sí,Mejor.,Neutral.
236,21 a 23 años.,Barinas,Universitario.,Estudiante.,Pública.,Semestre.,,,,,,,,,,,,,,Igual.,Neutral.
237,21 a 23 años.,Barinas,Universitario.,Empleado o emprendedor,Pública.,Semestre.,"Trabajador independiente (freelance, emprendedor).",Combinación de bolívares y dólares,$240 a $280,"Vivienda., Alimentación, Transporte",$0,$60 a $80,$40 a $60,No aplica.,$0,Sí,$50 a $80,Sí,Sí,Peor.,Neutral.
238,18 a 20 años.,Mérida,Univesitario.,Estudiante.,Pública.,Semestre.,,,,,,,,,,,,,,Igual.,Nada satisfecho.
239,21 a 23 años.,Distrito Capital,Univesitario.,Estudiante.,Privada.,Trimestre.,,,,,,,,,,,,,,Igual.,Neutral.
